<?xml version="1.0" encoding="UTF-8"?>
<project-private xmlns="http://www.netbeans.org/ns/project-private/1">
    <editor-bookmarks xmlns="http://www.netbeans.org/ns/editor-bookmarks/2" lastBookmarkId="0"/>
    <open-files xmlns="http://www.netbeans.org/ns/projectui-open-files/2">
        <group>
            <file>file:/var/www/html/ebuddy/resources/views/announcments/announcment-list.blade.php</file>
            <file>file:/var/www/html/ebuddy/public/css/main.css</file>
            <file>file:/var/www/html/ebuddy/app/Announcement.php</file>
            <file>file:/var/www/html/ebuddy/app/Role.php</file>
            <file>file:/var/www/html/ebuddy/app/UserAnnouncement.php</file>
            <file>file:/var/www/html/ebuddy/app/Http/Controllers/AnnouncmentController.php</file>
        </group>
    </open-files>
</project-private>
